-- MySQL dump 10.13  Distrib 9.0.1, for macos15.1 (arm64)
--
-- Host: localhost    Database: chat
-- ------------------------------------------------------
-- Server version	9.0.1

/*!40101 SET @OLD_CHARACTER_SET_CLIENT=@@CHARACTER_SET_CLIENT */;
/*!40101 SET @OLD_CHARACTER_SET_RESULTS=@@CHARACTER_SET_RESULTS */;
/*!40101 SET @OLD_COLLATION_CONNECTION=@@COLLATION_CONNECTION */;
/*!50503 SET NAMES utf8mb4 */;
/*!40103 SET @OLD_TIME_ZONE=@@TIME_ZONE */;
/*!40103 SET TIME_ZONE='+00:00' */;
/*!40014 SET @OLD_UNIQUE_CHECKS=@@UNIQUE_CHECKS, UNIQUE_CHECKS=0 */;
/*!40014 SET @OLD_FOREIGN_KEY_CHECKS=@@FOREIGN_KEY_CHECKS, FOREIGN_KEY_CHECKS=0 */;
/*!40101 SET @OLD_SQL_MODE=@@SQL_MODE, SQL_MODE='NO_AUTO_VALUE_ON_ZERO' */;
/*!40111 SET @OLD_SQL_NOTES=@@SQL_NOTES, SQL_NOTES=0 */;

--
-- Table structure for table `_prisma_migrations`
--

DROP TABLE IF EXISTS `_prisma_migrations`;
/*!40101 SET @saved_cs_client     = @@character_set_client */;
/*!50503 SET character_set_client = utf8mb4 */;
CREATE TABLE `_prisma_migrations` (
  `id` varchar(36) COLLATE utf8mb4_unicode_ci NOT NULL,
  `checksum` varchar(64) COLLATE utf8mb4_unicode_ci NOT NULL,
  `finished_at` datetime(3) DEFAULT NULL,
  `migration_name` varchar(255) COLLATE utf8mb4_unicode_ci NOT NULL,
  `logs` text COLLATE utf8mb4_unicode_ci,
  `rolled_back_at` datetime(3) DEFAULT NULL,
  `started_at` datetime(3) NOT NULL DEFAULT CURRENT_TIMESTAMP(3),
  `applied_steps_count` int unsigned NOT NULL DEFAULT '0',
  PRIMARY KEY (`id`)
) ENGINE=InnoDB DEFAULT CHARSET=utf8mb4 COLLATE=utf8mb4_unicode_ci;
/*!40101 SET character_set_client = @saved_cs_client */;

--
-- Dumping data for table `_prisma_migrations`
--

LOCK TABLES `_prisma_migrations` WRITE;
/*!40000 ALTER TABLE `_prisma_migrations` DISABLE KEYS */;
INSERT INTO `_prisma_migrations` VALUES ('4237d704-f2a6-4949-8b6a-4a779d076a72','d172c12007caef1a1edd3f74404da4c3ddebe621b030d38d62e3acaa2db62fb3','2025-02-18 08:58:08.338','20250218085808_remove_email_field',NULL,NULL,'2025-02-18 08:58:08.326',1),('97b83525-bcd1-4174-8c83-880324b03fce','5f0e3115fa004510312319898249477e01be099251c8b558e962fa17718f6357','2025-02-19 14:05:42.494','20250219140542_update_message_content_type',NULL,NULL,'2025-02-19 14:05:42.484',1),('d163a738-2919-44cc-b643-ace2d8f4813d','53deb407661f56acfb10e02cf66be6ea2993abcbb08f9f13f2efc07fb91c807f','2025-02-18 14:13:57.718','20250218141357_add_friend_system',NULL,NULL,'2025-02-18 14:13:57.694',1),('d1ff42cb-158b-4b79-bdbb-bb69b3ece9c2','8c9aa3903937ea2099334d71b884402d78fbf86f4905d65899a5783fa7532d47','2025-02-18 04:54:05.907','20250218042028_init',NULL,NULL,'2025-02-18 04:54:05.851',1),('d39adbd2-772a-4d4c-89bf-53d5c3083653','c278bc11bc9a1259e633ff8e7e27d9e8e49eab1bb682d495670f5fb37d03d5a2','2025-02-18 04:54:05.911','20250218042208_add_message_types',NULL,NULL,'2025-02-18 04:54:05.908',1),('ed516891-3636-49d7-a2d0-5333e9903874','5b8effb37a71947883ff638d13db9a3b5f873b397d7e1ff7a2f5b00a88fcec1e','2025-02-19 12:48:16.661','20250219124816_remove_name_field',NULL,NULL,'2025-02-19 12:48:16.637',1);
/*!40000 ALTER TABLE `_prisma_migrations` ENABLE KEYS */;
UNLOCK TABLES;

--
-- Table structure for table `Chat`
--

DROP TABLE IF EXISTS `Chat`;
/*!40101 SET @saved_cs_client     = @@character_set_client */;
/*!50503 SET character_set_client = utf8mb4 */;
CREATE TABLE `Chat` (
  `id` int NOT NULL AUTO_INCREMENT,
  `name` varchar(191) COLLATE utf8mb4_unicode_ci DEFAULT NULL,
  `type` enum('DIRECT','GROUP') COLLATE utf8mb4_unicode_ci NOT NULL DEFAULT 'DIRECT',
  `createdAt` datetime(3) NOT NULL DEFAULT CURRENT_TIMESTAMP(3),
  `updatedAt` datetime(3) NOT NULL,
  PRIMARY KEY (`id`)
) ENGINE=InnoDB AUTO_INCREMENT=10 DEFAULT CHARSET=utf8mb4 COLLATE=utf8mb4_unicode_ci;
/*!40101 SET character_set_client = @saved_cs_client */;

--
-- Dumping data for table `Chat`
--

LOCK TABLES `Chat` WRITE;
/*!40000 ALTER TABLE `Chat` DISABLE KEYS */;
INSERT INTO `Chat` VALUES (5,NULL,'DIRECT','2025-02-19 12:54:35.689','2025-02-19 12:54:35.689'),(6,NULL,'DIRECT','2025-02-19 12:56:14.008','2025-02-19 12:56:14.008'),(7,NULL,'DIRECT','2025-02-19 13:00:35.566','2025-02-19 13:00:35.566'),(8,NULL,'DIRECT','2025-02-19 13:10:55.444','2025-02-19 13:10:55.444'),(9,NULL,'DIRECT','2025-02-19 13:13:11.647','2025-02-19 13:13:11.647');
/*!40000 ALTER TABLE `Chat` ENABLE KEYS */;
UNLOCK TABLES;

--
-- Table structure for table `ChatParticipant`
--

DROP TABLE IF EXISTS `ChatParticipant`;
/*!40101 SET @saved_cs_client     = @@character_set_client */;
/*!50503 SET character_set_client = utf8mb4 */;
CREATE TABLE `ChatParticipant` (
  `id` int NOT NULL AUTO_INCREMENT,
  `userId` int NOT NULL,
  `chatId` int NOT NULL,
  `joinedAt` datetime(3) NOT NULL DEFAULT CURRENT_TIMESTAMP(3),
  PRIMARY KEY (`id`),
  UNIQUE KEY `ChatParticipant_userId_chatId_key` (`userId`,`chatId`),
  KEY `ChatParticipant_chatId_fkey` (`chatId`),
  CONSTRAINT `ChatParticipant_chatId_fkey` FOREIGN KEY (`chatId`) REFERENCES `Chat` (`id`) ON DELETE RESTRICT ON UPDATE CASCADE,
  CONSTRAINT `ChatParticipant_userId_fkey` FOREIGN KEY (`userId`) REFERENCES `User` (`id`) ON DELETE RESTRICT ON UPDATE CASCADE
) ENGINE=InnoDB AUTO_INCREMENT=19 DEFAULT CHARSET=utf8mb4 COLLATE=utf8mb4_unicode_ci;
/*!40101 SET character_set_client = @saved_cs_client */;

--
-- Dumping data for table `ChatParticipant`
--

LOCK TABLES `ChatParticipant` WRITE;
/*!40000 ALTER TABLE `ChatParticipant` DISABLE KEYS */;
INSERT INTO `ChatParticipant` VALUES (9,8,5,'2025-02-19 12:54:35.689'),(10,7,5,'2025-02-19 12:54:35.689'),(11,9,6,'2025-02-19 12:56:14.008'),(12,7,6,'2025-02-19 12:56:14.008'),(13,10,7,'2025-02-19 13:00:35.566'),(14,7,7,'2025-02-19 13:00:35.566'),(15,11,8,'2025-02-19 13:10:55.444'),(16,7,8,'2025-02-19 13:10:55.444'),(17,12,9,'2025-02-19 13:13:11.647'),(18,7,9,'2025-02-19 13:13:11.647');
/*!40000 ALTER TABLE `ChatParticipant` ENABLE KEYS */;
UNLOCK TABLES;

--
-- Table structure for table `Friend`
--

DROP TABLE IF EXISTS `Friend`;
/*!40101 SET @saved_cs_client     = @@character_set_client */;
/*!50503 SET character_set_client = utf8mb4 */;
CREATE TABLE `Friend` (
  `id` int NOT NULL AUTO_INCREMENT,
  `userId` int NOT NULL,
  `friendId` int NOT NULL,
  `createdAt` datetime(3) NOT NULL DEFAULT CURRENT_TIMESTAMP(3),
  PRIMARY KEY (`id`),
  UNIQUE KEY `Friend_userId_friendId_key` (`userId`,`friendId`),
  KEY `Friend_friend_fkey` (`friendId`),
  CONSTRAINT `Friend_friend_fkey` FOREIGN KEY (`friendId`) REFERENCES `User` (`id`) ON DELETE RESTRICT ON UPDATE CASCADE,
  CONSTRAINT `Friend_user_fkey` FOREIGN KEY (`userId`) REFERENCES `User` (`id`) ON DELETE RESTRICT ON UPDATE CASCADE
) ENGINE=InnoDB AUTO_INCREMENT=15 DEFAULT CHARSET=utf8mb4 COLLATE=utf8mb4_unicode_ci;
/*!40101 SET character_set_client = @saved_cs_client */;

--
-- Dumping data for table `Friend`
--

LOCK TABLES `Friend` WRITE;
/*!40000 ALTER TABLE `Friend` DISABLE KEYS */;
INSERT INTO `Friend` VALUES (5,8,7,'2025-02-19 12:54:35.677'),(6,7,8,'2025-02-19 12:54:35.677'),(7,9,7,'2025-02-19 12:56:14.003'),(8,7,9,'2025-02-19 12:56:14.003'),(9,10,7,'2025-02-19 13:00:35.560'),(10,7,10,'2025-02-19 13:00:35.560'),(11,11,7,'2025-02-19 13:10:55.440'),(12,7,11,'2025-02-19 13:10:55.440'),(13,12,7,'2025-02-19 13:13:11.642'),(14,7,12,'2025-02-19 13:13:11.642');
/*!40000 ALTER TABLE `Friend` ENABLE KEYS */;
UNLOCK TABLES;

--
-- Table structure for table `FriendRequest`
--

DROP TABLE IF EXISTS `FriendRequest`;
/*!40101 SET @saved_cs_client     = @@character_set_client */;
/*!50503 SET character_set_client = utf8mb4 */;
CREATE TABLE `FriendRequest` (
  `id` int NOT NULL AUTO_INCREMENT,
  `fromId` int NOT NULL,
  `toId` int NOT NULL,
  `status` enum('PENDING','ACCEPTED','REJECTED') COLLATE utf8mb4_unicode_ci NOT NULL DEFAULT 'PENDING',
  `message` varchar(191) COLLATE utf8mb4_unicode_ci DEFAULT NULL,
  `createdAt` datetime(3) NOT NULL DEFAULT CURRENT_TIMESTAMP(3),
  `updatedAt` datetime(3) NOT NULL,
  PRIMARY KEY (`id`),
  UNIQUE KEY `FriendRequest_fromId_toId_key` (`fromId`,`toId`),
  KEY `FriendRequest_toId_fkey` (`toId`),
  CONSTRAINT `FriendRequest_fromId_fkey` FOREIGN KEY (`fromId`) REFERENCES `User` (`id`) ON DELETE RESTRICT ON UPDATE CASCADE,
  CONSTRAINT `FriendRequest_toId_fkey` FOREIGN KEY (`toId`) REFERENCES `User` (`id`) ON DELETE RESTRICT ON UPDATE CASCADE
) ENGINE=InnoDB AUTO_INCREMENT=25 DEFAULT CHARSET=utf8mb4 COLLATE=utf8mb4_unicode_ci;
/*!40101 SET character_set_client = @saved_cs_client */;

--
-- Dumping data for table `FriendRequest`
--

LOCK TABLES `FriendRequest` WRITE;
/*!40000 ALTER TABLE `FriendRequest` DISABLE KEYS */;
INSERT INTO `FriendRequest` VALUES (13,8,7,'ACCEPTED',NULL,'2025-02-19 12:54:19.751','2025-02-19 12:54:35.671'),(15,9,7,'ACCEPTED',NULL,'2025-02-19 12:56:03.613','2025-02-19 12:56:14.001'),(16,10,7,'ACCEPTED',NULL,'2025-02-19 13:00:28.125','2025-02-19 13:00:35.557'),(23,11,7,'ACCEPTED',NULL,'2025-02-19 13:10:52.146','2025-02-19 13:10:55.437'),(24,12,7,'ACCEPTED',NULL,'2025-02-19 13:13:04.845','2025-02-19 13:13:11.639');
/*!40000 ALTER TABLE `FriendRequest` ENABLE KEYS */;
UNLOCK TABLES;

--
-- Table structure for table `Message`
--

DROP TABLE IF EXISTS `Message`;
/*!40101 SET @saved_cs_client     = @@character_set_client */;
/*!50503 SET character_set_client = utf8mb4 */;
CREATE TABLE `Message` (
  `id` int NOT NULL AUTO_INCREMENT,
  `content` text COLLATE utf8mb4_unicode_ci NOT NULL,
  `status` enum('SENT','DELIVERED','READ') COLLATE utf8mb4_unicode_ci NOT NULL DEFAULT 'SENT',
  `createdAt` datetime(3) NOT NULL DEFAULT CURRENT_TIMESTAMP(3),
  `updatedAt` datetime(3) NOT NULL,
  `senderId` int NOT NULL,
  `receiverId` int NOT NULL,
  `chatId` int NOT NULL,
  `metadata` json DEFAULT NULL,
  `type` enum('TEXT','VOICE','FILE','LINK','IMAGE','VIDEO') COLLATE utf8mb4_unicode_ci NOT NULL DEFAULT 'TEXT',
  PRIMARY KEY (`id`),
  KEY `Message_senderId_fkey` (`senderId`),
  KEY `Message_receiverId_fkey` (`receiverId`),
  KEY `Message_chatId_fkey` (`chatId`),
  CONSTRAINT `Message_chatId_fkey` FOREIGN KEY (`chatId`) REFERENCES `Chat` (`id`) ON DELETE RESTRICT ON UPDATE CASCADE,
  CONSTRAINT `Message_receiverId_fkey` FOREIGN KEY (`receiverId`) REFERENCES `User` (`id`) ON DELETE RESTRICT ON UPDATE CASCADE,
  CONSTRAINT `Message_senderId_fkey` FOREIGN KEY (`senderId`) REFERENCES `User` (`id`) ON DELETE RESTRICT ON UPDATE CASCADE
) ENGINE=InnoDB AUTO_INCREMENT=259 DEFAULT CHARSET=utf8mb4 COLLATE=utf8mb4_unicode_ci;
/*!40101 SET character_set_client = @saved_cs_client */;

--
-- Dumping data for table `Message`
--

LOCK TABLES `Message` WRITE;
/*!40000 ALTER TABLE `Message` DISABLE KEYS */;
INSERT INTO `Message` VALUES (3,'我已经通过了你的好友请求，开始聊天吧！','SENT','2025-02-19 12:54:35.694','2025-02-19 12:54:35.694',7,8,5,'{}','TEXT'),(4,'我已经通过了你的好友请求，开始聊天吧！','SENT','2025-02-19 12:56:14.011','2025-02-19 12:56:14.011',7,9,6,'{}','TEXT'),(5,'我已经通过了你的好友请求，开始聊天吧！','SENT','2025-02-19 13:00:35.574','2025-02-19 13:00:35.574',7,10,7,'{}','TEXT'),(6,'我已经通过了你的好友请求，开始聊天吧！','SENT','2025-02-19 13:10:55.446','2025-02-19 13:10:55.446',7,11,8,'{}','TEXT'),(7,'我已经通过了你的好友请求，开始聊天吧！','SENT','2025-02-19 13:13:11.650','2025-02-19 13:13:11.650',7,12,9,'{}','TEXT'),(8,'发打发点','SENT','2025-02-19 13:33:28.091','2025-02-19 13:33:28.091',7,12,9,NULL,'TEXT'),(9,'发大水发大水','SENT','2025-02-19 13:33:33.047','2025-02-19 13:33:33.047',7,11,8,NULL,'TEXT'),(10,'范德萨发大水','SENT','2025-02-19 13:33:50.049','2025-02-19 13:33:50.049',12,7,9,NULL,'TEXT'),(11,'123123214','SENT','2025-02-19 13:34:21.361','2025-02-19 13:34:21.361',7,12,9,NULL,'TEXT'),(12,'12312312321','SENT','2025-02-19 13:34:25.987','2025-02-19 13:34:25.987',12,7,9,NULL,'TEXT'),(13,'23333','SENT','2025-02-19 13:35:04.113','2025-02-19 13:35:04.113',12,7,9,NULL,'TEXT'),(14,'123333','SENT','2025-02-19 13:37:53.581','2025-02-19 13:37:53.581',12,7,9,NULL,'TEXT'),(15,'fdsafd ','SENT','2025-02-19 13:38:06.265','2025-02-19 13:38:06.265',12,7,9,NULL,'TEXT'),(16,'1231244','SENT','2025-02-19 13:39:57.118','2025-02-19 13:39:57.118',12,7,9,NULL,'TEXT'),(17,'11111','SENT','2025-02-19 13:43:10.378','2025-02-19 13:43:10.378',12,7,9,NULL,'TEXT'),(18,'11111','SENT','2025-02-19 13:43:39.336','2025-02-19 13:43:39.336',12,7,9,NULL,'TEXT'),(19,'11111','SENT','2025-02-19 13:45:25.488','2025-02-19 13:45:25.488',12,7,9,NULL,'TEXT'),(20,'11111','SENT','2025-02-19 13:46:14.748','2025-02-19 13:46:14.748',12,7,9,NULL,'TEXT'),(21,'123123123','SENT','2025-02-19 13:47:20.060','2025-02-19 13:47:20.060',12,7,9,NULL,'TEXT'),(22,'123213','SENT','2025-02-19 13:47:32.776','2025-02-19 13:47:32.776',7,12,9,NULL,'TEXT'),(23,'12312321','SENT','2025-02-19 13:47:37.035','2025-02-19 13:47:37.035',12,7,9,NULL,'TEXT'),(24,'11111','SENT','2025-02-19 13:47:53.300','2025-02-19 13:47:53.300',12,7,9,NULL,'TEXT'),(25,'122312321','SENT','2025-02-19 13:48:26.229','2025-02-19 13:48:26.229',12,7,9,NULL,'TEXT'),(26,'12312321','SENT','2025-02-19 13:48:56.950','2025-02-19 13:48:56.950',12,7,9,NULL,'TEXT'),(27,'11111','SENT','2025-02-19 13:51:06.060','2025-02-19 13:51:06.060',12,7,9,NULL,'TEXT'),(28,'11111','SENT','2025-02-19 13:51:12.580','2025-02-19 13:51:12.580',12,7,9,NULL,'TEXT'),(29,'11111','SENT','2025-02-19 13:51:18.941','2025-02-19 13:51:18.941',7,12,9,NULL,'TEXT'),(30,'11111','SENT','2025-02-19 13:51:28.843','2025-02-19 13:51:28.843',7,12,9,NULL,'TEXT'),(31,'111111','SENT','2025-02-19 13:51:30.681','2025-02-19 13:51:30.681',7,12,9,NULL,'TEXT'),(32,'111111','SENT','2025-02-19 13:51:32.613','2025-02-19 13:51:32.613',7,12,9,NULL,'TEXT'),(33,'11111','SENT','2025-02-19 13:53:03.372','2025-02-19 13:53:03.372',12,7,9,NULL,'TEXT'),(34,'111111','SENT','2025-02-19 13:53:18.466','2025-02-19 13:53:18.466',12,7,9,NULL,'TEXT'),(35,'11111','SENT','2025-02-19 13:55:21.600','2025-02-19 13:55:21.600',12,7,9,NULL,'TEXT'),(36,'11111','SENT','2025-02-19 13:56:26.221','2025-02-19 13:56:26.221',12,7,9,NULL,'TEXT'),(37,'22222','SENT','2025-02-19 13:56:37.069','2025-02-19 13:56:37.069',12,7,9,NULL,'TEXT'),(38,'222222','SENT','2025-02-19 13:56:39.572','2025-02-19 13:56:39.572',12,7,9,NULL,'TEXT'),(39,'11111','SENT','2025-02-19 13:57:13.376','2025-02-19 13:57:13.376',12,7,9,NULL,'TEXT'),(40,'111111','SENT','2025-02-19 13:57:44.198','2025-02-19 13:57:44.198',12,7,9,NULL,'TEXT'),(41,'fdddd','SENT','2025-02-19 13:58:31.295','2025-02-19 13:58:31.295',12,7,9,NULL,'TEXT'),(42,'11111','SENT','2025-02-19 13:59:09.785','2025-02-19 13:59:09.785',12,7,9,NULL,'TEXT'),(43,'111111','SENT','2025-02-19 13:59:17.781','2025-02-19 13:59:17.781',12,7,9,NULL,'TEXT'),(44,'222222','SENT','2025-02-19 13:59:21.599','2025-02-19 13:59:21.599',12,7,9,NULL,'TEXT'),(45,'1231231231','SENT','2025-02-19 14:02:07.892','2025-02-19 14:02:07.892',12,7,9,NULL,'TEXT'),(46,'1111111','SENT','2025-02-19 14:03:17.021','2025-02-19 14:03:17.021',12,7,9,NULL,'TEXT'),(47,'ERROR [WsExceptionsHandler]\nInvalid `this.prisma.message.create()` invocation in\n/Users/lastshrek/Documents/Github/chat-backend/src/messages/messages.service.ts:57:30\n\n  54 	metadata?: any\n  55 	status?: MessageStatus\n  56 }) {\n→ 57 	return this.prisma.message.create(\nThe provided value for the column is too long for the column\'s type. Column: content','SENT','2025-02-19 14:05:48.719','2025-02-19 14:05:48.719',12,7,9,NULL,'TEXT'),(48,'11111','SENT','2025-02-19 14:06:57.027','2025-02-19 14:06:57.027',12,7,9,NULL,'TEXT'),(49,'123123123123123','SENT','2025-02-19 14:07:29.488','2025-02-19 14:07:29.488',7,12,9,NULL,'TEXT'),(50,'4234823490823432','SENT','2025-02-19 14:07:31.801','2025-02-19 14:07:31.801',7,12,9,NULL,'TEXT'),(51,'23842342304324','SENT','2025-02-19 14:07:37.724','2025-02-19 14:07:37.724',12,7,9,NULL,'TEXT'),(52,'发动机撒库拉富家大室发啦','SENT','2025-02-19 14:07:39.898','2025-02-19 14:07:39.898',12,7,9,NULL,'TEXT'),(53,'1231231232','SENT','2025-02-19 14:09:55.592','2025-02-19 14:09:55.592',12,7,9,NULL,'TEXT'),(54,'123123123','SENT','2025-02-19 14:10:01.178','2025-02-19 14:10:01.178',12,7,9,NULL,'TEXT'),(55,'123124324324','SENT','2025-02-19 14:11:29.801','2025-02-19 14:11:29.801',12,7,9,NULL,'TEXT'),(56,'21342342343','SENT','2025-02-19 14:11:32.222','2025-02-19 14:11:32.222',12,7,9,NULL,'TEXT'),(57,'111111','SENT','2025-02-19 14:12:34.637','2025-02-19 14:12:34.637',12,7,9,NULL,'TEXT'),(58,'2222222','SENT','2025-02-19 14:12:37.897','2025-02-19 14:12:37.897',12,7,9,NULL,'TEXT'),(59,'2222222','SENT','2025-02-19 14:12:42.347','2025-02-19 14:12:42.347',7,12,9,NULL,'TEXT'),(60,'222222222222222222222222222222222222222222222222222222222222222222222222222222222222222222222222222','SENT','2025-02-19 14:12:47.598','2025-02-19 14:12:47.598',7,12,9,NULL,'TEXT'),(61,'222222222222222222222222222222222222222222222222222222222222222222222222222222222222222222222222222222222222222222222222222222222222222222222222222222222222222222222222222222222222222222222222222222222222222222222222222222222222222222222222222222222222222222222222222222222222222222222222222222222222222222222222222222222222222222222222222222222222222222222222222222222222222222222222222222222222222222222222222222222222222222222222222222222222222222222222222222222222222222222222222222222222222222222222222222222222222222222222222222222222222222222222222222222222222222222222222222222222222222222222222222222222222222222222222222222222222222222222222222222222222222222222222222222222222222222222222222222222222222222222222222222222222222222222222222222222222222222222222222222222222222222222222222222222222222222222222222222222222222222222222222222222222222222222222222222222222222222222222222222222222222222222222222222222222222222222222222222222222222222222222222222222222222222222222222222222222222222222222222222222222222222222222222222222222222222222222222222222222222222222222222222','SENT','2025-02-19 14:18:27.722','2025-02-19 14:18:27.722',12,7,9,NULL,'TEXT'),(62,'222222222222222222222222222222222222222222222222222222222222222222222222222222222222222222222222222222222222222222222222222222222222222222222222222222222222222222222222222222222222222222222222222222222222222222222222222222222222222222222222222222222222222222222222222222222222222222222222222222222222222222222222222222222222222222222222222222222222222222222222222222222222222222222222222222222222222222222222222222222222222222222222222222222222222222222222222222222222222222222222222222222222222222222222222222222222222222222222222222222222222222222222222222222222222222222222222222222222222222222222222222222222222222222222222222222222222222222222222222222222222222222222222222222222222222222222222222222222222222222222222222222222222222222222222222222222222222222222222222222222222222222222222222222222222222222222222222222222222222222222222222222222222222222222222222222222222222222222222222222222222222222222222222222222222222222222222222222222222222222222222222222222222222222222222222222222222222222222222222222222222222222222222222222222222222222222222222222222222222222222222222222222222222222222222222222222222222222222222222222222222222222222222222222222222222222222222222222222222222222222222222222222222222222222222222222222222222222222222222222222222222222222222222222222222222222222222222222222222222222222222222222222222222222222222222222222222222222222222222222222222222222222222222222222222222222222222222222222222222222222222222222222222222222222222222222222222222222222222222222222222222222222222222222222222222222222222222222222222222222222222222222222222222222222222222222222222222222222222222222222222222222222222222222222222222222222222222222222222222222222222222222222222222222222222222222222222222222222222222222222222222222222222222222222222222222222222222222222222222222222222222222222222222222222222222222222222222222222222222222222222222222222222222222222222222222222222222222222222222222222222222222222222222222222222222222222222222222222222222222222222222222222222222222222222222222222222222222222222222222222222222222222222222222222222222222222222222222222222222222222222222222222222222222222222222222222222222222222222222222222222222222222222222222222222222222222222222222222222222222222222222222222222222222222222222222222222222222222222222222222222222222222222222222222222222222222222222222222222222222222222222222222222222222222222222222222222222222222222222222222222222222222222222222222222222222222222222222222222222222222222222222222222222222222222222222222222222222222222222222222222222222222222222222222222222222222222222222222222222222222222222222222222222222222222222222222222222222222222222222222222222222222222222222222222222222222222222222222222222222222222222222222222222222222222222222222222222222222222222222222222222222222222222222222222222222222222222222222222222222222222222222222222222222222222222222222222222222222222222222222222222222222222222222222222222222222222222222222222222222222222222222222222222222222222222222222222222222222222222222222222222222222222222222222222222222222222222222222222222222222222222222222222222222222222222222222222222222222222222222222222222222222222222222222222222222222222222222222222222222222222222222222222222222222222222222222222222222222222222222222222222222222222222222222222222222222222222222222222222222222222222222222222222222222222222222222222222222222222222222222222222222222222222222222222222222222222222222222222222222222222222222222222222222222222222222222222222222222222222222222222222222222222222222222222222222222222222222222222222222222222222222222222222222222222222222222222222222222222222222222222222222222222222222222222222222222222222222222222222222222222222222222222222222222222222222222222222222222222222222222222222222222222222222222222222222222222222222222222222222222222222222222222222222222222222222222222222222222222222222222222222222222222222222222222222222222222222222222222222222222222222222222222222222222222222222222222222222222222222222222222222222222222222222222222222222222222222222222222222222222222222222222222222222222222222222222222222222222222222222222222222222222222222222222222222222222222222222222222222222222222222222222222222222222222222222222222222222222222222222222222222222222222222222222222222222222222222222222222222222222222222222222222222222222222222222222222222222222222222222222222222222222222222222222222222222222222222222222222222222222222222222222222222222222222222222222222222222222222222222222222222222222222222222222222222222222222222222222222222222222222222222222222222222222222222222222222222222222222222222222222222222222222222222222222222222222222222222222222222222222222222222222222222222222222222222222222222222222222222222222222222222222222222222222222222222222222222222222222222222222222222222222222222222222222222222222222222222222222222222222222222222222222222222222222222222222222222222222222222222222222222222222222222222222222222222222222222222222222222222222222222222222222222222222222222222222222222222222222222222222222222222222222222222222222222222222222222222222222222222222222222222222222222222222222222222222222222222222222222222222222222222222222222222222222222222222222222222222222222222222222222222222222222222222222222222222222222222222222222222222222222222222222222222222222222222222222222222222222222222222222222222222222222222222222222222222222222222222222222222222222222222222222222222222222222222222222222222222222222222222222222222222222222222222222222222222222222222222222222222222222222222222222222222222222222222222222222222222222222222222222222222222222222222222222222222222222222222222222222222222222222222222222222222222222222222222222222222222222222222222222222222222222222222222222222222222222222222222222222222222222222222222222222222222222222222222222222222222222222222222222222222222222222222222222222222222222222222222222222222222222222222222222222222222222222222222222222222222222222222222222222222222222222222222222222222222222222222222222222222222222222222222222222222222222222222222222222222222222222222222222222222222222222222222222222222222222222222222222222222222222222222222222222222222222222222222222222222222222222222222222222222222222222222222222222222222222222222222222222222222222222222222222222222222222222222222222222222222222222222222222222222222222222222222222222222222222222222222222222222222222222222222222222222222222222222222222222222222222222222222222222222222222222222222222222222222222222222222222222222222222222222222222222222222222222222222222222222222222222222222222222222222222222222222222222222222222222222222222222222222222222222222222222222222222222222222222222222222222222222222222222222222222222222222222222222222222222222222222222222222222222222222222222222222222222222222222222222222222222222222222222222222222222222222222222222222222222222222222222222222222222222222222222222222222222222222222222222222222222222222222222222222222222222222222222222222222222222222222222222222222222222222222222222222222222222222222222222222222222222222222222222222222222222222222222222222222222222222222222222222222222222222222222222222222222222222222222222222222222222222222222222222222222222222222222222222222222222222222222222222222222222222222222222222222222222222222222222222222222222222222222222222222222222222222222222222222222222222222222222222222222222222222222222222222222222222222222222222222222222222222222222222222222222222222222222222222222222222222222222222222222222222222222222222222222222222222222222222222222222222222222222222222222222222222222222222222222222222222222222222222222222222222222222222222222222222222222222222222222222222222222222222222222222222222222222222222222222222222222222222222222222222222222222222222222222222222222222222222222222222222222222222222222222222222222222222222222222222222222222222222222222222222222222222222222222222222222222222222222222222222222222222222222222222222222222222222222222222222222222222222222222222222222222222222222222222222222222222222222222222222222222222222222222222222222222222222222222222222222222222222222222222222222222222222222222222222222222222222222222222222222222222222222222222222222222222222222222222222222222222222222222222222222222222222222222222222222222222222222222222222222222222222222222222222222222222222222222222222222222222222222222222222222222222222222222222222222222222222222222222222222222222222222222222222222222222222222222222222222222222222222222222222222222222222222222222222222222222222222222222222222222222222222222222222222222222222222222222222222222222222222222222222222222222222222222222222222222222222222222222222222222222222222222222222222222222222222222222222222222222222222222222222222222222222222222222222222222222222222222222222222222222222222222222222222222222222222222222222222222222222222222222222222222222222222222222222222222222222222222222222222222222222222222222222222222222222222222222222222222222222222222222222222222222222222222222222222222222222222222222222222222222222222222222222222222222222222222222222222222222222222222222222222222222222222222222222222222222222222222222222222222222222222222222222222222222222222222222222222222222222222222222222222222222222222222222222222222222222222222222222222222222222222222222222222222222222222222222222222222222222222222222222222222222222222222222222222222222222222222222222222222222222222222222222222222222222222222222222222222222222222222222222222222222222222222222222222222222222222222222222222222222222222222222222222222222222222222222222222222222222222222222222222222222222222222222222222222222222222222222222222222222222222222222222222222222222222222222222222222222222222222222222222222222222222222222222222222222222222222222222222222222222222222222222222222222222222222222222222222222222222222222222222222222222222222222222222222222222222222222222222222222222222222222222222222222222222222222222222222222222222222222222222222222222222222222222222222222222222222222222222222222222222222222222222222222222222222222222222222222222222222222222222222222222222222222222222222222222222222222222222222222222222222222222222222222222222222222222222222222222222222222222222222222222222222222222222222222222222222222222222222222222222222222222222222222222222222222222222222222222222222222222222222222222222222222222222222222222222222222222222222222222222222222222222222222222222222222222222222222222222222222222222222222222222222222222222222222222222222222222222222222222222222222222222222222222222222222222222222222222222222222222222222222222222222222222222222222222222222222222222222222222222222222222222222222222222222222222222222222222222222222222222222222222222222222222222222222222222222222222222222222222222222222222222222222222222222222222222222222222222222222222222222222222222222222222222222222222222222222222222222222222222222222222222222222222222222222222222222222222222222222222222222222222222222222222222222222222222222222222222222222222222222222222222222222222222222222222222222222222222222222222222222222222222222222222222222222222222222222222222222222222222222222222222222222222222222222222222222222222222222222222222222222222222222222222222222222222222222222222222222222222222222222222222222222222222222222222222222222222222222222222222222222222222222222222222222222222222222222222222222222222222222222222222222222222222222222222222222222222222222222222222222222222222222222222222222222222222222222222222222222222222222222222222222222222222222222222222222222222222222222222222222222222222222222222222222222222222222222222222222222222222222222222222222222222222222222222222222222222222222222222222222222222222222222222222222222222222222222222222222222222222222222222222222222222222222222222222222222222222222222222222222222222222222222222222222222222222222222222222222222222222222222222222222222222222222222222222222222222222222222222222222222222222222222222222222222222222222222222222222222222222222222222222222222222222222222222222222222222222222222222222222222222222222222222222222222222222222222222222222222222222222222222222222222222222222222222222222222222222222222222222222222222222222222222','SENT','2025-02-19 14:21:01.840','2025-02-19 14:21:01.840',12,7,9,NULL,'TEXT'),(63,'1111','SENT','2025-02-19 14:22:10.094','2025-02-19 14:22:10.094',12,7,9,NULL,'TEXT'),(64,'12312323','SENT','2025-02-19 14:22:32.585','2025-02-19 14:22:32.585',12,7,9,NULL,'TEXT'),(65,'123123123','SENT','2025-02-19 14:22:34.317','2025-02-19 14:22:34.317',12,7,9,NULL,'TEXT'),(66,'123123123','SENT','2025-02-19 14:24:49.176','2025-02-19 14:24:49.176',7,12,9,NULL,'TEXT'),(67,'1234234324','SENT','2025-02-19 14:24:52.444','2025-02-19 14:24:52.444',12,7,9,NULL,'TEXT'),(68,'12312412412','SENT','2025-02-19 14:25:01.255','2025-02-19 14:25:01.255',7,12,9,NULL,'TEXT'),(69,'fdsafdsfdsafdsafdsafsdfsd ','SENT','2025-02-19 14:44:13.041','2025-02-19 14:44:13.041',12,7,9,NULL,'TEXT'),(70,'范德萨范德萨范德萨','SENT','2025-02-19 14:44:35.979','2025-02-19 14:44:35.979',12,7,9,NULL,'TEXT'),(71,'fdasfadsfdddddddddddddddd','SENT','2025-02-19 14:44:38.197','2025-02-19 14:44:38.197',7,12,9,NULL,'TEXT'),(72,'范德萨发大水','SENT','2025-02-19 14:44:42.162','2025-02-19 14:44:42.162',7,12,9,NULL,'TEXT'),(73,'1111','SENT','2025-02-19 14:48:05.301','2025-02-19 14:48:05.301',7,12,9,NULL,'TEXT'),(74,'fdsafdsafadsfasdfsdafasdfsdafasdfadsfds','SENT','2025-02-19 15:04:26.632','2025-02-19 15:04:26.632',7,12,9,NULL,'TEXT'),(75,'ddddddddddddddddddddddddddddddddddddddddddddddddddddddd','SENT','2025-02-19 15:28:57.622','2025-02-19 15:28:57.622',12,7,9,NULL,'TEXT'),(76,'dddddddddd','SENT','2025-02-19 15:29:03.370','2025-02-19 15:29:03.370',12,7,9,NULL,'TEXT'),(77,'ddddddddddddddddd','SENT','2025-02-19 15:30:13.093','2025-02-19 15:30:13.093',12,7,9,NULL,'TEXT'),(78,'ddddddddddd','SENT','2025-02-19 15:30:16.636','2025-02-19 15:30:16.636',7,12,9,NULL,'TEXT'),(79,'ddddddd','SENT','2025-02-19 15:30:20.914','2025-02-19 15:30:20.914',7,12,9,NULL,'TEXT'),(80,'dddddddd','SENT','2025-02-19 15:30:24.965','2025-02-19 15:30:24.965',7,12,9,NULL,'TEXT'),(81,'dddddddddd','SENT','2025-02-19 15:30:30.529','2025-02-19 15:30:30.529',7,12,9,NULL,'TEXT'),(82,'fdsafdasf','SENT','2025-02-19 15:30:42.005','2025-02-19 15:30:42.005',7,12,9,NULL,'TEXT'),(83,'fdsafasdfadsf','SENT','2025-02-19 15:30:48.716','2025-02-19 15:30:48.716',12,7,9,NULL,'TEXT'),(84,'123123123','SENT','2025-02-19 15:31:00.876','2025-02-19 15:31:00.876',7,11,8,NULL,'TEXT'),(85,'123432423423432','SENT','2025-02-19 15:31:04.477','2025-02-19 15:31:04.477',7,12,9,NULL,'TEXT'),(86,'ddddddddd','SENT','2025-02-19 15:31:15.751','2025-02-19 15:31:15.751',12,7,9,NULL,'TEXT'),(87,'111111','SENT','2025-02-19 15:32:08.293','2025-02-19 15:32:08.293',12,7,9,NULL,'TEXT'),(88,'111111','SENT','2025-02-19 15:32:18.174','2025-02-19 15:32:18.174',12,7,9,NULL,'TEXT'),(89,'ddddddd','SENT','2025-02-19 15:33:02.073','2025-02-19 15:33:02.073',12,7,9,NULL,'TEXT'),(90,'123123123123','SENT','2025-02-19 15:34:13.558','2025-02-19 15:34:13.558',12,7,9,NULL,'TEXT'),(91,'2222222','SENT','2025-02-19 15:35:29.898','2025-02-19 15:35:29.898',12,7,9,NULL,'TEXT'),(92,'12312412','SENT','2025-02-19 15:35:59.963','2025-02-19 15:35:59.963',10,12,9,NULL,'TEXT'),(93,'123123123213','SENT','2025-02-19 15:36:06.928','2025-02-19 15:36:06.928',10,12,9,NULL,'TEXT'),(94,'1111111','SENT','2025-02-19 15:36:11.331','2025-02-19 15:36:11.331',12,7,9,NULL,'TEXT'),(95,'111111','SENT','2025-02-19 15:36:18.650','2025-02-19 15:36:18.650',12,7,9,NULL,'TEXT'),(96,'[[8,{\"id\":8,\"name\":null,\"type\":\"DIRECT\",\"lastMessage\":{\"id\":84,\"content\":\"123123123\",\"type\":\"TEXT\",\"status\":\"sent\",\"timestamp\":\"2025-02-19T15:31:00.876Z\",\"sender\":{\"id\":7,\"username\":\"lastshrek\",\"avatar\":\"https://api.dicebear.com/9.x/pixel-art-neutral/svg?seed=lastshrek\"},\"receiver\":{\"id\":11,\"username\":\"lastshrek4\",\"avatar\":\"https://api.dicebear.com/9.x/pixel-art-neutral/svg?seed=lastshrek4\"}},\"unreadCount\":0,\"participants\":[{\"id\":11,\"username\":\"lastshrek4\",\"avatar\":\"https://api.dicebear.com/9.x/pixel-art-neutral/svg?seed=lastshrek4\"},{\"id\":7,\"username\":\"lastshrek\",\"avatar\":\"https://api.dicebear.com/9.x/pixel-art-neutral/svg?seed=lastshrek\"}]}],[9,{\"id\":9,\"name\":null,\"type\":\"DIRECT\",\"lastMessage\":{\"id\":95,\"content\":\"111111\",\"type\":\"TEXT\",\"status\":\"SENT\",\"timestamp\":\"2025-02-19T15:36:18.650Z\",\"sender\":{\"id\":12,\"username\":\"lastshrek5\",\"avatar\":\"https://api.dicebear.com/9.x/pixel-art-neutral/svg?seed=lastshrek5\"},\"receiver\":{\"id\":7,\"username\":\"lastshrek\",\"avatar\":\"https://api.dicebear.com/9.x/pixel-art-neutral/svg?seed=lastshrek\"}},\"unreadCount\":0,\"participants\":[{\"id\":12,\"username\":\"lastshrek5\",\"avatar\":\"https://api.dicebear.com/9.x/pixel-art-neutral/svg?seed=lastshrek5\"},{\"id\":7,\"username\":\"lastshrek\",\"avatar\":\"https://api.dicebear.com/9.x/pixel-art-neutral/svg?seed=lastshrek\"}]}]]','SENT','2025-02-19 15:37:08.785','2025-02-19 15:37:08.785',12,7,9,NULL,'TEXT'),(97,'111111','SENT','2025-02-19 15:37:27.573','2025-02-19 15:37:27.573',10,12,9,NULL,'TEXT'),(98,'11111111','SENT','2025-02-19 15:38:19.973','2025-02-19 15:38:19.973',10,12,9,NULL,'TEXT'),(99,'11111','SENT','2025-02-19 15:38:25.809','2025-02-19 15:38:25.809',12,7,9,NULL,'TEXT'),(100,'111111','SENT','2025-02-19 15:38:32.877','2025-02-19 15:38:32.877',10,12,9,NULL,'TEXT'),(101,'1111111','SENT','2025-02-19 15:38:36.462','2025-02-19 15:38:36.462',12,7,9,NULL,'TEXT'),(102,'1111111','SENT','2025-02-19 15:38:41.660','2025-02-19 15:38:41.660',10,12,9,NULL,'TEXT'),(103,'11111','SENT','2025-02-19 15:41:31.744','2025-02-19 15:41:31.744',12,7,9,NULL,'TEXT'),(104,'1111','SENT','2025-02-20 03:10:33.968','2025-02-20 03:10:33.968',12,7,9,NULL,'TEXT'),(105,'11111','SENT','2025-02-20 03:13:36.734','2025-02-20 03:13:36.734',12,7,9,NULL,'TEXT'),(106,'fdddd','SENT','2025-02-20 03:14:06.849','2025-02-20 03:14:06.849',12,7,9,NULL,'TEXT'),(107,'1111','SENT','2025-02-20 03:15:16.840','2025-02-20 03:15:16.840',12,7,9,NULL,'TEXT'),(108,'11111','SENT','2025-02-20 03:15:28.997','2025-02-20 03:15:28.997',12,7,9,NULL,'TEXT'),(109,'fdfdfdaf','SENT','2025-02-20 03:17:17.135','2025-02-20 03:17:17.135',12,7,9,NULL,'TEXT'),(110,'ddddd','SENT','2025-02-20 03:17:22.287','2025-02-20 03:17:22.287',12,7,9,NULL,'TEXT'),(111,'1223','SENT','2025-02-20 03:19:42.715','2025-02-20 03:19:42.715',12,7,9,NULL,'TEXT'),(112,'11111','SENT','2025-02-20 03:20:06.799','2025-02-20 03:20:06.799',12,7,9,NULL,'TEXT'),(113,'1233','SENT','2025-02-20 03:21:15.594','2025-02-20 03:21:15.594',12,7,9,NULL,'TEXT'),(114,'11111','SENT','2025-02-20 03:22:23.321','2025-02-20 03:22:23.321',12,7,9,NULL,'TEXT'),(115,'1232312','SENT','2025-02-20 03:23:16.449','2025-02-20 03:23:16.449',12,7,9,NULL,'TEXT'),(116,'12333','SENT','2025-02-20 03:24:03.161','2025-02-20 03:24:03.161',12,7,9,NULL,'TEXT'),(117,'111111','SENT','2025-02-20 03:29:47.864','2025-02-20 03:29:47.864',12,7,9,NULL,'TEXT'),(118,'11111','SENT','2025-02-20 03:30:00.383','2025-02-20 03:30:00.383',12,7,9,NULL,'TEXT'),(119,'11111','SENT','2025-02-20 03:31:21.727','2025-02-20 03:31:21.727',12,7,9,NULL,'TEXT'),(120,'111111','SENT','2025-02-20 03:32:31.282','2025-02-20 03:32:31.282',12,7,9,NULL,'TEXT'),(121,'11111111111','SENT','2025-02-20 03:44:54.913','2025-02-20 03:44:54.913',12,7,9,NULL,'TEXT'),(122,'11111','SENT','2025-02-20 03:44:58.758','2025-02-20 03:44:58.758',7,12,9,NULL,'TEXT'),(123,'11111','SENT','2025-02-20 03:45:06.408','2025-02-20 03:45:06.408',7,12,9,NULL,'TEXT'),(124,'111111','SENT','2025-02-20 03:45:10.065','2025-02-20 03:45:10.065',7,12,9,NULL,'TEXT'),(125,'11111','SENT','2025-02-20 04:19:24.813','2025-02-20 04:19:24.813',7,12,9,NULL,'TEXT'),(126,'22222','SENT','2025-02-20 04:19:31.074','2025-02-20 04:19:31.074',7,12,9,NULL,'TEXT'),(127,'2222222','SENT','2025-02-20 04:19:37.019','2025-02-20 04:19:37.019',7,12,9,NULL,'TEXT'),(128,'111111','SENT','2025-02-20 04:20:28.065','2025-02-20 04:20:28.065',7,12,9,NULL,'TEXT'),(129,'22222','SENT','2025-02-20 04:21:16.916','2025-02-20 04:21:16.916',12,7,9,NULL,'TEXT'),(130,'11111','SENT','2025-02-20 04:23:12.657','2025-02-20 04:23:12.657',7,12,9,NULL,'TEXT'),(131,'测试','SENT','2025-02-20 04:23:18.174','2025-02-20 04:23:18.174',7,12,9,NULL,'TEXT'),(132,'11111','SENT','2025-02-20 04:23:54.482','2025-02-20 04:23:54.482',12,7,9,NULL,'TEXT'),(133,'1111','SENT','2025-02-20 04:25:50.767','2025-02-20 04:25:50.767',12,7,9,NULL,'TEXT'),(134,'22222','SENT','2025-02-20 04:26:02.067','2025-02-20 04:26:02.067',7,12,9,NULL,'TEXT'),(135,'11111','SENT','2025-02-20 04:26:06.191','2025-02-20 04:26:06.191',12,7,9,NULL,'TEXT'),(136,'2222','SENT','2025-02-20 04:26:10.330','2025-02-20 04:26:10.330',7,12,9,NULL,'TEXT'),(137,'1111','SENT','2025-02-21 11:03:00.905','2025-02-21 11:03:00.905',7,12,9,NULL,'TEXT'),(138,'111111','SENT','2025-02-21 15:57:41.405','2025-02-21 15:57:41.405',7,11,8,NULL,'TEXT'),(139,'11111111','SENT','2025-02-21 15:57:45.575','2025-02-21 15:57:45.575',7,11,8,NULL,'TEXT'),(140,'11111','SENT','2025-02-21 16:10:00.225','2025-02-21 16:10:00.225',7,12,9,NULL,'TEXT'),(141,'222222','SENT','2025-02-21 16:10:51.749','2025-02-21 16:10:51.749',7,12,9,NULL,'TEXT'),(142,'1111','SENT','2025-02-21 16:18:08.807','2025-02-21 16:18:08.807',7,11,8,NULL,'TEXT'),(143,'1111','SENT','2025-02-21 16:20:36.217','2025-02-21 16:20:36.217',7,12,9,NULL,'TEXT'),(144,'1111','SENT','2025-02-21 16:23:16.004','2025-02-21 16:23:16.004',7,12,9,NULL,'TEXT'),(145,'1111','SENT','2025-02-21 16:23:21.058','2025-02-21 16:23:21.058',7,11,8,NULL,'TEXT'),(146,'ddd','SENT','2025-02-21 16:23:48.375','2025-02-21 16:23:48.375',7,12,9,NULL,'TEXT'),(147,'11111111111111','SENT','2025-02-21 16:28:39.555','2025-02-21 16:28:39.555',7,12,9,NULL,'TEXT'),(148,'1111111111111111111','SENT','2025-02-21 16:31:46.564','2025-02-21 16:31:46.564',7,12,9,NULL,'TEXT'),(149,'11111111','SENT','2025-02-21 16:33:55.588','2025-02-21 16:33:55.588',7,12,9,NULL,'TEXT'),(150,'2222222','SENT','2025-02-21 16:33:57.995','2025-02-21 16:33:57.995',7,12,9,NULL,'TEXT'),(151,'333333','SENT','2025-02-21 16:33:59.812','2025-02-21 16:33:59.812',7,12,9,NULL,'TEXT'),(152,'444444','SENT','2025-02-21 16:34:01.430','2025-02-21 16:34:01.430',7,12,9,NULL,'TEXT'),(153,'333333','SENT','2025-02-21 16:39:17.367','2025-02-21 16:39:17.367',7,11,8,NULL,'TEXT'),(154,'333333','SENT','2025-02-21 16:39:20.316','2025-02-21 16:39:20.316',7,10,7,NULL,'TEXT'),(155,'333333','SENT','2025-02-21 16:39:23.231','2025-02-21 16:39:23.231',7,9,6,NULL,'TEXT'),(156,'fdsafasd fdsafasd fdsafasd fdsafasd fdsafasd fdsafasd fdsafasd fdsafasd fdsafasd fdsafasd fdsafasd fdsafasd fdsafasd fdsafasd fdsafasd fdsafasd fdsafasd fdsafasd fdsafasd fdsafasd fdsafasd fdsafasd fdsafasd fdsafasd fdsafasd fdsafasd fdsafasd fdsafasd fdsafasd fdsafasd ','SENT','2025-02-21 16:39:32.948','2025-02-21 16:39:32.948',7,9,6,NULL,'TEXT'),(157,'111111','SENT','2025-02-21 17:23:26.307','2025-02-21 17:23:26.307',7,12,9,NULL,'TEXT'),(158,'11111','SENT','2025-02-21 17:25:07.995','2025-02-21 17:25:07.995',7,12,9,NULL,'TEXT'),(159,'111111111','SENT','2025-02-21 17:26:55.562','2025-02-21 17:26:55.562',7,12,9,NULL,'TEXT'),(160,'11111','SENT','2025-02-21 17:28:13.994','2025-02-21 17:28:13.994',7,12,9,NULL,'TEXT'),(161,'111111','SENT','2025-02-21 17:29:34.075','2025-02-21 17:29:34.075',7,12,9,NULL,'TEXT'),(162,'测试','SENT','2025-02-21 17:31:27.372','2025-02-21 17:31:27.372',7,12,9,NULL,'TEXT'),(163,'dd','SENT','2025-02-21 17:31:44.373','2025-02-21 17:31:44.373',7,12,9,NULL,'TEXT'),(164,'2222222','SENT','2025-02-21 17:31:52.421','2025-02-21 17:31:52.421',7,12,9,NULL,'TEXT'),(165,'fdsafdsaf','SENT','2025-02-21 17:31:57.434','2025-02-21 17:31:57.434',12,12,9,NULL,'TEXT'),(166,'11111','SENT','2025-02-21 17:34:09.204','2025-02-21 17:34:09.204',7,12,9,NULL,'TEXT'),(167,'11111','SENT','2025-02-21 17:35:20.459','2025-02-21 17:35:20.459',12,7,9,NULL,'TEXT'),(168,'11111','SENT','2025-02-21 17:35:30.423','2025-02-21 17:35:30.423',12,7,9,NULL,'TEXT'),(169,'11111','SENT','2025-02-21 17:37:12.174','2025-02-21 17:37:12.174',12,7,9,NULL,'TEXT'),(170,'111111','SENT','2025-02-21 17:37:28.069','2025-02-21 17:37:28.069',12,7,9,NULL,'TEXT'),(171,'111111','SENT','2025-02-21 17:37:32.123','2025-02-21 17:37:32.123',12,7,9,NULL,'TEXT'),(172,'432423432','SENT','2025-02-21 17:37:34.473','2025-02-21 17:37:34.473',12,7,9,NULL,'TEXT'),(173,'23423254343','SENT','2025-02-21 17:37:36.833','2025-02-21 17:37:36.833',12,7,9,NULL,'TEXT'),(174,'1111','SENT','2025-02-21 17:38:20.996','2025-02-21 17:38:20.996',12,7,9,NULL,'TEXT'),(175,'12312321','SENT','2025-02-21 17:38:24.255','2025-02-21 17:38:24.255',7,12,9,NULL,'TEXT'),(176,'111111','SENT','2025-02-21 17:38:46.690','2025-02-21 17:38:46.690',12,7,9,NULL,'TEXT'),(177,'11111','SENT','2025-02-21 17:39:58.990','2025-02-21 17:39:58.990',7,12,9,NULL,'TEXT'),(178,'1','SENT','2025-02-21 17:40:08.862','2025-02-21 17:40:08.862',12,7,9,NULL,'TEXT'),(179,'1','SENT','2025-02-21 17:40:19.479','2025-02-21 17:40:19.479',12,7,9,NULL,'TEXT'),(180,'1111','SENT','2025-02-21 17:42:10.765','2025-02-21 17:42:10.765',7,12,9,NULL,'TEXT'),(181,'11111','SENT','2025-02-21 17:42:45.793','2025-02-21 17:42:45.793',7,12,9,NULL,'TEXT'),(182,'111111','SENT','2025-02-21 17:42:49.513','2025-02-21 17:42:49.513',7,12,9,NULL,'TEXT'),(183,'11111','SENT','2025-02-21 17:42:52.996','2025-02-21 17:42:52.996',12,7,9,NULL,'TEXT'),(184,'111111','SENT','2025-02-21 17:42:58.192','2025-02-21 17:42:58.192',12,7,9,NULL,'TEXT'),(185,'11111','SENT','2025-02-21 17:43:44.825','2025-02-21 17:43:44.825',12,7,9,NULL,'TEXT'),(186,'2222222','SENT','2025-02-21 17:43:47.571','2025-02-21 17:43:47.571',7,12,9,NULL,'TEXT'),(187,'33333','SENT','2025-02-21 17:43:49.750','2025-02-21 17:43:49.750',12,7,9,NULL,'TEXT'),(188,'11111','SENT','2025-02-21 17:44:46.016','2025-02-21 17:44:46.016',12,7,9,NULL,'TEXT'),(189,'1111111','SENT','2025-02-21 17:45:43.380','2025-02-21 17:45:43.380',12,7,9,NULL,'TEXT'),(190,'2222','SENT','2025-02-21 17:45:49.470','2025-02-21 17:45:49.470',12,7,9,NULL,'TEXT'),(191,'33333','SENT','2025-02-21 17:45:51.836','2025-02-21 17:45:51.836',12,7,9,NULL,'TEXT'),(192,'44444','SENT','2025-02-21 17:45:53.448','2025-02-21 17:45:53.448',12,7,9,NULL,'TEXT'),(193,'234234234','SENT','2025-02-21 17:45:57.222','2025-02-21 17:45:57.222',12,7,9,NULL,'TEXT'),(194,'5324524','SENT','2025-02-21 17:45:59.957','2025-02-21 17:45:59.957',12,7,9,NULL,'TEXT'),(195,'22222','SENT','2025-02-21 17:46:10.846','2025-02-21 17:46:10.846',12,7,9,NULL,'TEXT'),(196,'33333','SENT','2025-02-21 17:46:15.975','2025-02-21 17:46:15.975',12,7,9,NULL,'TEXT'),(197,'1234234234','SENT','2025-02-21 17:47:04.413','2025-02-21 17:47:04.413',12,7,9,NULL,'TEXT'),(198,'234234234','SENT','2025-02-21 17:47:06.815','2025-02-21 17:47:06.815',12,7,9,NULL,'TEXT'),(199,'4234234234','SENT','2025-02-21 17:47:10.257','2025-02-21 17:47:10.257',12,7,9,NULL,'TEXT'),(200,'234234234','SENT','2025-02-21 17:47:13.508','2025-02-21 17:47:13.508',12,7,9,NULL,'TEXT'),(201,'234234234','SENT','2025-02-21 17:47:18.397','2025-02-21 17:47:18.397',12,7,9,NULL,'TEXT'),(202,'234234234234','SENT','2025-02-21 17:47:21.343','2025-02-21 17:47:21.343',12,7,9,NULL,'TEXT'),(203,'2222','SENT','2025-02-21 17:48:34.536','2025-02-21 17:48:34.536',12,7,9,NULL,'TEXT'),(204,'222222','SENT','2025-02-21 17:48:41.541','2025-02-21 17:48:41.541',12,7,9,NULL,'TEXT'),(205,'11111','SENT','2025-02-21 17:49:26.610','2025-02-21 17:49:26.610',12,7,9,NULL,'TEXT'),(206,'234234234','SENT','2025-02-21 17:49:30.056','2025-02-21 17:49:30.056',12,7,9,NULL,'TEXT'),(207,'22222','SENT','2025-02-21 17:49:36.996','2025-02-21 17:49:36.996',12,7,9,NULL,'TEXT'),(208,'22222','SENT','2025-02-21 17:49:42.091','2025-02-21 17:49:42.091',12,7,9,NULL,'TEXT'),(209,'22222','SENT','2025-02-21 17:50:04.856','2025-02-21 17:50:04.856',12,7,9,NULL,'TEXT'),(210,'2222','SENT','2025-02-21 17:50:20.805','2025-02-21 17:50:20.805',12,7,9,NULL,'TEXT'),(211,'1111','SENT','2025-02-21 17:52:03.680','2025-02-21 17:52:03.680',12,7,9,NULL,'TEXT'),(212,'22222','SENT','2025-02-21 17:52:14.175','2025-02-21 17:52:14.175',12,7,9,NULL,'TEXT'),(213,'1111','SENT','2025-02-21 17:54:30.309','2025-02-21 17:54:30.309',12,7,9,NULL,'TEXT'),(214,'2222','SENT','2025-02-21 17:54:34.569','2025-02-21 17:54:34.569',12,7,9,NULL,'TEXT'),(215,'22333','SENT','2025-02-21 17:54:36.654','2025-02-21 17:54:36.654',12,7,9,NULL,'TEXT'),(216,'11111','SENT','2025-02-21 17:54:41.160','2025-02-21 17:54:41.160',12,7,9,NULL,'TEXT'),(217,'234234234','SENT','2025-02-21 17:54:43.491','2025-02-21 17:54:43.491',12,7,9,NULL,'TEXT'),(218,'52345345','SENT','2025-02-21 17:54:44.870','2025-02-21 17:54:44.870',12,7,9,NULL,'TEXT'),(219,'1234324234','SENT','2025-02-21 17:54:46.520','2025-02-21 17:54:46.520',12,7,9,NULL,'TEXT'),(220,'54325345345','SENT','2025-02-21 17:54:48.325','2025-02-21 17:54:48.325',12,7,9,NULL,'TEXT'),(221,'23423423423432','SENT','2025-02-21 17:54:51.412','2025-02-21 17:54:51.412',12,7,9,NULL,'TEXT'),(222,'2352543543','SENT','2025-02-21 17:55:01.689','2025-02-21 17:55:01.689',12,7,9,NULL,'TEXT'),(223,'234234234234324','SENT','2025-02-21 17:55:04.188','2025-02-21 17:55:04.188',12,7,9,NULL,'TEXT'),(224,'423423423424','SENT','2025-02-21 17:55:07.126','2025-02-21 17:55:07.126',7,12,9,NULL,'TEXT'),(225,'11111','SENT','2025-02-22 01:50:00.036','2025-02-22 01:50:00.036',12,7,9,NULL,'TEXT'),(226,'11111','SENT','2025-02-22 01:50:10.560','2025-02-22 01:50:10.560',12,7,9,NULL,'TEXT'),(227,'222222','SENT','2025-02-22 01:50:14.489','2025-02-22 01:50:14.489',12,7,9,NULL,'TEXT'),(228,'33333','SENT','2025-02-22 01:50:16.920','2025-02-22 01:50:16.920',12,7,9,NULL,'TEXT'),(229,'44444','SENT','2025-02-22 01:50:19.064','2025-02-22 01:50:19.064',12,7,9,NULL,'TEXT'),(230,'5555555','SENT','2025-02-22 01:50:21.014','2025-02-22 01:50:21.014',12,7,9,NULL,'TEXT'),(231,'666666','SENT','2025-02-22 01:50:22.943','2025-02-22 01:50:22.943',12,7,9,NULL,'TEXT'),(232,'6555555','SENT','2025-02-22 01:50:26.336','2025-02-22 01:50:26.336',12,7,9,NULL,'TEXT'),(233,'88888','SENT','2025-02-22 02:21:52.602','2025-02-22 02:21:52.602',12,7,9,NULL,'TEXT'),(234,'11111','SENT','2025-02-22 02:25:31.748','2025-02-22 02:25:31.748',7,12,9,NULL,'TEXT'),(235,'99999','SENT','2025-02-22 02:27:16.583','2025-02-22 02:27:16.583',7,12,9,NULL,'TEXT'),(236,'11111','SENT','2025-02-22 02:27:31.580','2025-02-22 02:27:31.580',7,12,9,NULL,'TEXT'),(237,'34234234','SENT','2025-02-22 02:28:02.384','2025-02-22 02:28:02.384',7,12,9,NULL,'TEXT'),(238,'34234234','SENT','2025-02-22 02:28:03.771','2025-02-22 02:28:03.771',7,12,9,NULL,'TEXT'),(239,'123412343','SENT','2025-02-22 02:28:05.482','2025-02-22 02:28:05.482',7,12,9,NULL,'TEXT'),(240,'111111','SENT','2025-02-22 02:28:22.107','2025-02-22 02:28:22.107',7,12,9,NULL,'TEXT'),(241,'0000','SENT','2025-02-22 02:28:55.783','2025-02-22 02:28:55.783',7,12,9,NULL,'TEXT'),(242,'77777','SENT','2025-02-22 02:29:03.355','2025-02-22 02:29:03.355',12,7,9,NULL,'TEXT'),(243,'3333333','SENT','2025-02-22 02:29:10.267','2025-02-22 02:29:10.267',12,7,9,NULL,'TEXT'),(244,'111111','SENT','2025-02-22 02:29:15.641','2025-02-22 02:29:15.641',7,12,9,NULL,'TEXT'),(245,'11111','SENT','2025-02-22 02:29:20.854','2025-02-22 02:29:20.854',7,12,9,NULL,'TEXT'),(246,'111111','SENT','2025-02-22 02:29:27.535','2025-02-22 02:29:27.535',7,12,9,NULL,'TEXT'),(247,'11111','SENT','2025-02-22 02:30:09.252','2025-02-22 02:30:09.252',7,12,9,NULL,'TEXT'),(248,'11111','SENT','2025-02-22 02:31:59.653','2025-02-22 02:31:59.653',12,7,9,NULL,'TEXT'),(249,'22222','SENT','2025-02-22 02:32:04.885','2025-02-22 02:32:04.885',7,12,9,NULL,'TEXT'),(250,'111','SENT','2025-02-22 02:33:58.036','2025-02-22 02:33:58.036',7,12,9,NULL,'TEXT'),(251,'1111','SENT','2025-02-22 02:34:54.542','2025-02-22 02:34:54.542',7,12,9,NULL,'TEXT'),(252,'11111','SENT','2025-02-22 02:35:55.246','2025-02-22 02:35:55.246',7,12,9,NULL,'TEXT'),(253,'11111','SENT','2025-02-22 02:36:50.374','2025-02-22 02:36:50.374',7,12,9,NULL,'TEXT'),(254,'11111','SENT','2025-02-22 02:37:42.594','2025-02-22 02:37:42.594',7,12,9,NULL,'TEXT'),(255,'12321323','SENT','2025-02-22 02:38:38.021','2025-02-22 02:38:38.021',7,12,9,NULL,'TEXT'),(256,'11111','SENT','2025-02-22 02:41:21.393','2025-02-22 02:41:21.393',7,12,9,NULL,'TEXT'),(257,'测试消息测试消息测试消息测试消息测试消息测试消息测试消息测试消息测试消息测试消息测试消息测试消息测试消息测试消息测试消息测试消息测试消息测试消息测试消息测试消息测试消息测试消息测试消息测试消息','SENT','2025-02-22 02:41:37.845','2025-02-22 02:41:37.845',7,12,9,NULL,'TEXT'),(258,'fa','SENT','2025-02-22 02:45:49.027','2025-02-22 02:45:49.027',12,7,9,NULL,'TEXT');
/*!40000 ALTER TABLE `Message` ENABLE KEYS */;
UNLOCK TABLES;

--
-- Table structure for table `User`
--

DROP TABLE IF EXISTS `User`;
/*!40101 SET @saved_cs_client     = @@character_set_client */;
/*!50503 SET character_set_client = utf8mb4 */;
CREATE TABLE `User` (
  `id` int NOT NULL AUTO_INCREMENT,
  `username` varchar(191) COLLATE utf8mb4_unicode_ci NOT NULL,
  `password` varchar(191) COLLATE utf8mb4_unicode_ci NOT NULL,
  `avatar` varchar(191) COLLATE utf8mb4_unicode_ci DEFAULT NULL,
  `createdAt` datetime(3) NOT NULL DEFAULT CURRENT_TIMESTAMP(3),
  `updatedAt` datetime(3) NOT NULL,
  PRIMARY KEY (`id`),
  UNIQUE KEY `User_username_key` (`username`)
) ENGINE=InnoDB AUTO_INCREMENT=18 DEFAULT CHARSET=utf8mb4 COLLATE=utf8mb4_unicode_ci;
/*!40101 SET character_set_client = @saved_cs_client */;

--
-- Dumping data for table `User`
--

LOCK TABLES `User` WRITE;
/*!40000 ALTER TABLE `User` DISABLE KEYS */;
INSERT INTO `User` VALUES (6,'zhengzhoureli','$2b$10$i93T3lrhzgBmt9lah4uC4.r2bHWxh1K7yM0RuOJg5jNsCpvPjEjfu','https://api.dicebear.com/9.x/pixel-art-neutral/svg?seed=zhengzhoureli','2025-02-19 12:51:57.964','2025-02-19 12:51:57.964'),(7,'lastshrek','$2b$10$CJS9Q/e4gzMZENsa/lWY5uuGOsAUnkmsXmBs6g155kyX6JYxT86XC','https://api.dicebear.com/9.x/pixel-art-neutral/svg?seed=lastshrek','2025-02-19 12:52:54.235','2025-02-19 12:52:54.235'),(8,'lastshrek1','$2b$10$OmwWFTdDwxQnZ9nvY5HqC.VvgG/YbpcZCwomdOXOh8pMUK9YNpFEy','https://api.dicebear.com/9.x/pixel-art-neutral/svg?seed=lastshrek1','2025-02-19 12:53:37.534','2025-02-19 12:53:37.534'),(9,'lastshrek2','$2b$10$BSj1rLWvebz8swDHTQRRhuPkqaT1wIrOGDLyxC1LEFpenEJQBnKh.','https://api.dicebear.com/9.x/pixel-art-neutral/svg?seed=lastshrek2','2025-02-19 12:53:41.867','2025-02-19 12:53:41.867'),(10,'lastshrek3','$2b$10$a62.k.wMXFZhVyiBJ6P5eemRo34/ecoxYssIhbuxV/U57U6rasjQi','https://api.dicebear.com/9.x/pixel-art-neutral/svg?seed=lastshrek3','2025-02-19 12:53:43.561','2025-02-19 12:53:43.561'),(11,'lastshrek4','$2b$10$Z56u83ncvZrBEzLSRZmJEuxlVNxiMfdAhIE99a4OMs.ZZYZX.02MG','https://api.dicebear.com/9.x/pixel-art-neutral/svg?seed=lastshrek4','2025-02-19 12:53:45.987','2025-02-19 12:53:45.987'),(12,'lastshrek5','$2b$10$Z3OxaF0uWjVCYYzJl7MeMebHgKbcu3OKrsoDkzTkI3vslSMWJhCCq','https://api.dicebear.com/9.x/pixel-art-neutral/svg?seed=lastshrek5','2025-02-19 12:53:47.951','2025-02-19 12:53:47.951'),(13,'lastshrek6','$2b$10$9SqhoOoY/On1NqZpMYxvWuj91h/zYocnzwi/gHGC6htBjfPB89Og.','https://api.dicebear.com/9.x/pixel-art-neutral/svg?seed=lastshrek6','2025-02-19 12:53:49.891','2025-02-19 12:53:49.891'),(14,'lastshrek7','$2b$10$CXPsdhmBWU3CY80dFSOogOl.u6H9LX2pNLjJ1Aki8VgtzWT067PZG','https://api.dicebear.com/9.x/pixel-art-neutral/svg?seed=lastshrek7','2025-02-19 12:53:52.154','2025-02-19 12:53:52.154'),(15,'lastshrek8','$2b$10$yXeG1jxJdghImi.t7fh5Eeg.RrxT59FNae6rJwrJNb9wGIFbgTsqm','https://api.dicebear.com/9.x/pixel-art-neutral/svg?seed=lastshrek8','2025-02-19 12:53:54.027','2025-02-19 12:53:54.027'),(16,'lastshrek9','$2b$10$QlF6x2u9kxIDlWeE2Beud.fjHVh5390SU2aexEz5k09iFRxJaCLZq','https://api.dicebear.com/9.x/pixel-art-neutral/svg?seed=lastshrek9','2025-02-19 12:53:56.267','2025-02-19 12:53:56.267'),(17,'lastshrek10','$2b$10$YYHiamZbPgODrE6ykza6weXFc/h7WNglNWvSxZQ4xNjSx3qWtoyL6','https://api.dicebear.com/9.x/pixel-art-neutral/svg?seed=lastshrek10','2025-02-19 12:53:58.032','2025-02-19 12:53:58.032');
/*!40000 ALTER TABLE `User` ENABLE KEYS */;
UNLOCK TABLES;
/*!40103 SET TIME_ZONE=@OLD_TIME_ZONE */;

/*!40101 SET SQL_MODE=@OLD_SQL_MODE */;
/*!40014 SET FOREIGN_KEY_CHECKS=@OLD_FOREIGN_KEY_CHECKS */;
/*!40014 SET UNIQUE_CHECKS=@OLD_UNIQUE_CHECKS */;
/*!40101 SET CHARACTER_SET_CLIENT=@OLD_CHARACTER_SET_CLIENT */;
/*!40101 SET CHARACTER_SET_RESULTS=@OLD_CHARACTER_SET_RESULTS */;
/*!40101 SET COLLATION_CONNECTION=@OLD_COLLATION_CONNECTION */;
/*!40111 SET SQL_NOTES=@OLD_SQL_NOTES */;

-- Dump completed on 2025-02-22 13:03:45
